min,avg,max
0.0,0.0,0.0
0.116666675,0.7970833718776703,1.7583333
0.8525001,1.6085000038146973,2.6
